page,reason
1,low_extraction_signal
2,low_extraction_signal
3,low_extraction_signal
5,low_extraction_signal
6,low_extraction_signal
7,low_extraction_signal
8,low_extraction_signal
9,low_extraction_signal
10,low_extraction_signal
11,low_extraction_signal
12,low_extraction_signal
14,low_extraction_signal
30,low_extraction_signal
36,low_extraction_signal
37,low_extraction_signal
40,low_extraction_signal
41,low_extraction_signal
43,low_extraction_signal
44,low_extraction_signal
45,low_extraction_signal
121,low_extraction_signal
164,low_extraction_signal
165,low_extraction_signal
168,low_extraction_signal
169,low_extraction_signal
216,low_extraction_signal
217,low_extraction_signal
249,low_extraction_signal
263,low_extraction_signal
