page,section,expected_content,extraction_status
1,فهرست/مقدمه,table/text,build-time
2,فهرست/مقدمه,table/text,build-time
3,فهرست/مقدمه,table/text,build-time
4,فهرست/مقدمه,table/text,build-time
5,فهرست/مقدمه,table/text,build-time
6,فهرست/مقدمه,table/text,build-time
7,فهرست/مقدمه,table/text,build-time
8,فهرست/مقدمه,table/text,build-time
9,فهرست/مقدمه,table/text,build-time
10,فصل اول: رضایت تحصیلی و بازار کار,table/text,build-time
11,فصل اول: رضایت تحصیلی و بازار کار,table/text,build-time
12,فصل اول: رضایت تحصیلی و بازار کار,table/text,build-time
13,فصل اول: رضایت تحصیلی و بازار کار,table/text,build-time
14,فصل اول: رضایت تحصیلی و بازار کار,table/text,build-time
15,فصل اول: رضایت تحصیلی و بازار کار,table/text,build-time
16,فصل اول: رضایت تحصیلی و بازار کار,table/text,build-time
17,فصل اول: رضایت تحصیلی و بازار کار,table/text,build-time
18,فصل اول: رضایت تحصیلی و بازار کار,table/text,build-time
19,فصل اول: رضایت تحصیلی و بازار کار,table/text,build-time
20,فصل اول: رضایت تحصیلی و بازار کار,table/text,build-time
21,فصل اول: رضایت تحصیلی و بازار کار,table/text,build-time
22,فصل اول: رضایت تحصیلی و بازار کار,table/text,build-time
23,فصل اول: رضایت تحصیلی و بازار کار,table/text,build-time
24,فصل اول: رضایت تحصیلی و بازار کار,table/text,build-time
25,فصل اول: رضایت تحصیلی و بازار کار,table/text,build-time
26,فصل اول: رضایت تحصیلی و بازار کار,table/text,build-time
27,فصل اول: رضایت تحصیلی و بازار کار,table/text,build-time
28,فصل اول: رضایت تحصیلی و بازار کار,table/text,build-time
29,فصل اول: رضایت تحصیلی و بازار کار,table/text,build-time
30,فصل اول: رضایت تحصیلی و بازار کار,table/text,build-time
31,فصل اول: رضایت تحصیلی و بازار کار,table/text,build-time
32,فصل اول: رضایت تحصیلی و بازار کار,table/text,build-time
33,فصل اول: رضایت تحصیلی و بازار کار,table/text,build-time
34,فصل اول: رضایت تحصیلی و بازار کار,table/text,build-time
35,فصل اول: رضایت تحصیلی و بازار کار,table/text,build-time
36,فصل اول: رضایت تحصیلی و بازار کار,table/text,build-time
37,فصل دوم: راهنمای انتخاب رشته - رتبه‌بندی,table/text,build-time
38,فصل دوم: راهنمای انتخاب رشته - رتبه‌بندی,table/text,build-time
39,فصل دوم: راهنمای انتخاب رشته - رتبه‌بندی,table/text,build-time
40,فصل دوم: راهنمای انتخاب رشته - رتبه‌بندی,table/text,build-time
41,فصل دوم: راهنمای انتخاب رشته - رتبه‌بندی,table/text,build-time
42,فصل دوم: راهنمای انتخاب رشته - رتبه‌بندی,table/text,build-time
43,فصل دوم: راهنمای رشته‌ها,table/text,build-time
44,فصل دوم: راهنمای رشته‌ها,table/text,build-time
45,فصل دوم: راهنمای رشته‌ها,table/text,build-time
46,فصل دوم: راهنمای رشته‌ها,table/text,build-time
47,فصل دوم: راهنمای رشته‌ها,table/text,build-time
48,فصل دوم: راهنمای رشته‌ها,table/text,build-time
49,فصل دوم: راهنمای رشته‌ها,table/text,build-time
50,فصل دوم: راهنمای رشته‌ها,table/text,build-time
51,فصل دوم: راهنمای رشته‌ها,table/text,build-time
52,فصل دوم: راهنمای رشته‌ها,table/text,build-time
53,فصل دوم: راهنمای رشته‌ها,table/text,build-time
54,فصل دوم: راهنمای رشته‌ها,table/text,build-time
55,فصل دوم: راهنمای رشته‌ها,table/text,build-time
56,فصل دوم: راهنمای رشته‌ها,table/text,build-time
57,فصل دوم: راهنمای رشته‌ها,table/text,build-time
58,فصل دوم: راهنمای رشته‌ها,table/text,build-time
59,فصل دوم: راهنمای رشته‌ها,table/text,build-time
60,فصل دوم: راهنمای رشته‌ها,table/text,build-time
61,فصل دوم: راهنمای رشته‌ها,table/text,build-time
62,فصل دوم: راهنمای رشته‌ها,table/text,build-time
63,فصل دوم: راهنمای رشته‌ها,table/text,build-time
64,فصل دوم: راهنمای رشته‌ها,table/text,build-time
65,فصل دوم: راهنمای رشته‌ها,table/text,build-time
66,فصل دوم: راهنمای رشته‌ها,table/text,build-time
67,فصل دوم: راهنمای رشته‌ها,table/text,build-time
68,فصل دوم: راهنمای رشته‌ها,table/text,build-time
69,فصل دوم: راهنمای رشته‌ها,table/text,build-time
70,فصل دوم: راهنمای رشته‌ها,table/text,build-time
71,فصل دوم: راهنمای رشته‌ها,table/text,build-time
72,فصل دوم: راهنمای رشته‌ها,table/text,build-time
73,فصل دوم: راهنمای رشته‌ها,table/text,build-time
74,فصل دوم: راهنمای رشته‌ها,table/text,build-time
75,فصل دوم: راهنمای رشته‌ها,table/text,build-time
76,فصل دوم: راهنمای رشته‌ها,table/text,build-time
77,فصل دوم: راهنمای رشته‌ها,table/text,build-time
78,فصل دوم: راهنمای رشته‌ها,table/text,build-time
79,فصل دوم: راهنمای رشته‌ها,table/text,build-time
80,فصل دوم: راهنمای رشته‌ها,table/text,build-time
81,فصل دوم: راهنمای رشته‌ها,table/text,build-time
82,فصل دوم: راهنمای رشته‌ها,table/text,build-time
83,فصل دوم: راهنمای رشته‌ها,table/text,build-time
84,فصل دوم: راهنمای رشته‌ها,table/text,build-time
85,فصل دوم: راهنمای رشته‌ها,table/text,build-time
86,فصل دوم: راهنمای رشته‌ها,table/text,build-time
87,فصل دوم: راهنمای رشته‌ها,table/text,build-time
88,فصل دوم: راهنمای رشته‌ها,table/text,build-time
89,فصل دوم: راهنمای رشته‌ها,table/text,build-time
90,فصل دوم: راهنمای رشته‌ها,table/text,build-time
91,فصل دوم: راهنمای رشته‌ها,table/text,build-time
92,فصل دوم: راهنمای رشته‌ها,table/text,build-time
93,فصل دوم: راهنمای رشته‌ها,table/text,build-time
94,فصل دوم: راهنمای رشته‌ها,table/text,build-time
95,فصل دوم: راهنمای رشته‌ها,table/text,build-time
96,فصل دوم: راهنمای رشته‌ها,table/text,build-time
97,فصل دوم: راهنمای رشته‌ها,table/text,build-time
98,فصل دوم: راهنمای رشته‌ها,table/text,build-time
99,فصل دوم: راهنمای رشته‌ها,table/text,build-time
100,فصل دوم: راهنمای رشته‌ها,table/text,build-time
101,فصل دوم: راهنمای رشته‌ها,table/text,build-time
102,فصل دوم: راهنمای رشته‌ها,table/text,build-time
103,فصل دوم: راهنمای رشته‌ها,table/text,build-time
104,فصل دوم: راهنمای رشته‌ها,table/text,build-time
105,فصل دوم: راهنمای رشته‌ها,table/text,build-time
106,فصل دوم: راهنمای رشته‌ها,table/text,build-time
107,فصل دوم: راهنمای رشته‌ها,table/text,build-time
108,فصل دوم: راهنمای رشته‌ها,table/text,build-time
109,فصل دوم: راهنمای رشته‌ها,table/text,build-time
110,فصل دوم: راهنمای رشته‌ها,table/text,build-time
111,فصل دوم: راهنمای رشته‌ها,table/text,build-time
112,فصل دوم: راهنمای رشته‌ها,table/text,build-time
113,فصل دوم: راهنمای رشته‌ها,table/text,build-time
114,فصل دوم: راهنمای رشته‌ها,table/text,build-time
115,فصل دوم: راهنمای رشته‌ها,table/text,build-time
116,فصل دوم: راهنمای رشته‌ها,table/text,build-time
117,فصل دوم: راهنمای رشته‌ها,table/text,build-time
118,فصل دوم: راهنمای رشته‌ها,table/text,build-time
119,فصل دوم: راهنمای رشته‌ها,table/text,build-time
120,فصل دوم: راهنمای رشته‌ها,table/text,build-time
121,فصل دوم: راهنمای رشته‌ها,table/text,build-time
122,فصل دوم: راهنمای رشته‌ها,table/text,build-time
123,فصل دوم: راهنمای رشته‌ها,table/text,build-time
124,فصل دوم: راهنمای رشته‌ها,table/text,build-time
125,فصل دوم: راهنمای رشته‌ها,table/text,build-time
126,فصل دوم: راهنمای رشته‌ها,table/text,build-time
127,فصل دوم: راهنمای رشته‌ها,table/text,build-time
128,فصل دوم: راهنمای رشته‌ها,table/text,build-time
129,فصل دوم: راهنمای رشته‌ها,table/text,build-time
130,فصل دوم: راهنمای رشته‌ها,table/text,build-time
131,فصل دوم: راهنمای رشته‌ها,table/text,build-time
132,فصل دوم: راهنمای رشته‌ها,table/text,build-time
133,فصل دوم: راهنمای رشته‌ها,table/text,build-time
134,فصل دوم: راهنمای رشته‌ها,table/text,build-time
135,فصل دوم: راهنمای رشته‌ها,table/text,build-time
136,فصل دوم: راهنمای رشته‌ها,table/text,build-time
137,فصل دوم: راهنمای رشته‌ها,table/text,build-time
138,فصل دوم: راهنمای رشته‌ها,table/text,build-time
139,فصل دوم: راهنمای رشته‌ها,table/text,build-time
140,فصل دوم: راهنمای رشته‌ها,table/text,build-time
141,فصل دوم: راهنمای رشته‌ها,table/text,build-time
142,فصل دوم: راهنمای رشته‌ها,table/text,build-time
143,فصل دوم: راهنمای رشته‌ها,table/text,build-time
144,فصل سوم: راهنمای انتخاب دانشگاه,table/text,build-time
145,فصل سوم: راهنمای انتخاب دانشگاه,table/text,build-time
146,فصل سوم: راهنمای انتخاب دانشگاه,table/text,build-time
147,فصل سوم: راهنمای انتخاب دانشگاه,table/text,build-time
148,فصل سوم: راهنمای انتخاب دانشگاه,table/text,build-time
149,فصل سوم: راهنمای انتخاب دانشگاه,table/text,build-time
150,فصل سوم: راهنمای انتخاب دانشگاه,table/text,build-time
151,فصل سوم: راهنمای انتخاب دانشگاه,table/text,build-time
152,فصل سوم: راهنمای انتخاب دانشگاه,table/text,build-time
153,فصل سوم: راهنمای انتخاب دانشگاه,table/text,build-time
154,فصل سوم: راهنمای انتخاب دانشگاه,table/text,build-time
155,فصل سوم: راهنمای انتخاب دانشگاه,table/text,build-time
156,فصل سوم: راهنمای انتخاب دانشگاه,table/text,build-time
157,فصل سوم: راهنمای انتخاب دانشگاه,table/text,build-time
158,فصل سوم: راهنمای انتخاب دانشگاه,table/text,build-time
159,فصل سوم: راهنمای انتخاب دانشگاه,table/text,build-time
160,فصل سوم: راهنمای انتخاب دانشگاه,table/text,build-time
161,فصل سوم: راهنمای انتخاب دانشگاه,table/text,build-time
162,فصل سوم: راهنمای انتخاب دانشگاه,table/text,build-time
163,فصل سوم: راهنمای انتخاب دانشگاه,table/text,build-time
164,فصل سوم: راهنمای انتخاب دانشگاه,table/text,build-time
165,فصل سوم: راهنمای انتخاب دانشگاه,table/text,build-time
166,فصل سوم: راهنمای انتخاب دانشگاه,table/text,build-time
167,فصل سوم: راهنمای انتخاب دانشگاه,table/text,build-time
168,فصل سوم: راهنمای انتخاب دانشگاه,table/text,build-time
169,فصل سوم: راهنمای انتخاب دانشگاه,table/text,build-time
170,فصل سوم: راهنمای انتخاب دانشگاه,table/text,build-time
171,فصل سوم: راهنمای انتخاب دانشگاه,table/text,build-time
172,فصل سوم: راهنمای انتخاب دانشگاه,table/text,build-time
173,فصل سوم: راهنمای انتخاب دانشگاه,table/text,build-time
174,فصل سوم: راهنمای انتخاب دانشگاه,table/text,build-time
175,فصل سوم: راهنمای انتخاب دانشگاه,table/text,build-time
176,فصل سوم: راهنمای انتخاب دانشگاه,table/text,build-time
177,فصل سوم: راهنمای انتخاب دانشگاه,table/text,build-time
178,فصل سوم: راهنمای انتخاب دانشگاه,table/text,build-time
179,فصل سوم: راهنمای انتخاب دانشگاه,table/text,build-time
180,فصل سوم: راهنمای انتخاب دانشگاه,table/text,build-time
181,فصل سوم: راهنمای انتخاب دانشگاه,table/text,build-time
182,فصل سوم: راهنمای انتخاب دانشگاه,table/text,build-time
183,فصل سوم: راهنمای انتخاب دانشگاه,table/text,build-time
184,فصل سوم: راهنمای انتخاب دانشگاه,table/text,build-time
185,فصل سوم: راهنمای انتخاب دانشگاه,table/text,build-time
186,فصل سوم: راهنمای انتخاب دانشگاه,table/text,build-time
187,فصل سوم: راهنمای انتخاب دانشگاه,table/text,build-time
188,فصل سوم: راهنمای انتخاب دانشگاه,table/text,build-time
189,فصل سوم: راهنمای انتخاب دانشگاه,table/text,build-time
190,فصل سوم: راهنمای انتخاب دانشگاه,table/text,build-time
191,فصل سوم: راهنمای انتخاب دانشگاه,table/text,build-time
192,فصل سوم: راهنمای انتخاب دانشگاه,table/text,build-time
193,فصل سوم: راهنمای انتخاب دانشگاه,table/text,build-time
194,فصل سوم: راهنمای انتخاب دانشگاه,table/text,build-time
195,فصل سوم: راهنمای انتخاب دانشگاه,table/text,build-time
196,فصل سوم: راهنمای انتخاب دانشگاه,table/text,build-time
197,فصل سوم: راهنمای انتخاب دانشگاه,table/text,build-time
198,فصل سوم: راهنمای انتخاب دانشگاه,table/text,build-time
199,فصل سوم: راهنمای انتخاب دانشگاه,table/text,build-time
200,فصل سوم: راهنمای انتخاب دانشگاه,table/text,build-time
201,فصل سوم: راهنمای انتخاب دانشگاه,table/text,build-time
202,فصل سوم: راهنمای انتخاب دانشگاه,table/text,build-time
203,فصل سوم: راهنمای انتخاب دانشگاه,table/text,build-time
204,فصل سوم: راهنمای انتخاب دانشگاه,table/text,build-time
205,فصل سوم: راهنمای انتخاب دانشگاه,table/text,build-time
206,فصل سوم: راهنمای انتخاب دانشگاه,table/text,build-time
207,فصل سوم: راهنمای انتخاب دانشگاه,table/text,build-time
208,فصل سوم: راهنمای انتخاب دانشگاه,table/text,build-time
209,فصل سوم: راهنمای انتخاب دانشگاه,table/text,build-time
210,فصل سوم: راهنمای انتخاب دانشگاه,table/text,build-time
211,فصل سوم: راهنمای انتخاب دانشگاه,table/text,build-time
212,فصل سوم: راهنمای انتخاب دانشگاه,table/text,build-time
213,فصل سوم: راهنمای انتخاب دانشگاه,table/text,build-time
214,فصل سوم: راهنمای انتخاب دانشگاه,table/text,build-time
215,فصل سوم: راهنمای انتخاب دانشگاه,table/text,build-time
216,فصل سوم: دانشگاه‌ها,table/text,build-time
217,فصل سوم: دانشگاه‌ها,table/text,build-time
218,فصل سوم: دانشگاه‌ها,table/text,build-time
219,فصل سوم: دانشگاه‌ها,table/text,build-time
220,فصل سوم: دانشگاه‌ها,table/text,build-time
221,فصل سوم: دانشگاه‌ها,table/text,build-time
222,فصل سوم: دانشگاه‌ها,table/text,build-time
223,فصل سوم: دانشگاه‌ها,table/text,build-time
224,فصل سوم: دانشگاه‌ها,table/text,build-time
225,فصل سوم: دانشگاه‌ها,table/text,build-time
226,فصل سوم: دانشگاه‌ها,table/text,build-time
227,فصل سوم: دانشگاه‌ها,table/text,build-time
228,فصل سوم: دانشگاه‌ها,table/text,build-time
229,فصل سوم: دانشگاه‌ها,table/text,build-time
230,فصل سوم: دانشگاه‌ها,table/text,build-time
231,فصل سوم: دانشگاه‌ها,table/text,build-time
232,فصل سوم: دانشگاه‌ها,table/text,build-time
233,فصل سوم: دانشگاه‌ها,table/text,build-time
234,فصل سوم: دانشگاه‌ها,table/text,build-time
235,فصل سوم: دانشگاه‌ها,table/text,build-time
236,فصل سوم: دانشگاه‌ها,table/text,build-time
237,فصل سوم: دانشگاه‌ها,table/text,build-time
238,فصل سوم: دانشگاه‌ها,table/text,build-time
239,فصل سوم: دانشگاه‌ها,table/text,build-time
240,فصل سوم: دانشگاه‌ها,table/text,build-time
241,فصل سوم: دانشگاه‌ها,table/text,build-time
242,فصل سوم: دانشگاه‌ها,table/text,build-time
243,فصل سوم: دانشگاه‌ها,table/text,build-time
244,فصل سوم: دانشگاه‌ها,table/text,build-time
245,فصل سوم: دانشگاه‌ها,table/text,build-time
246,فصل سوم: دانشگاه‌ها,table/text,build-time
247,فصل چهارم: منابع و روش‌شناسی,table/text,build-time
248,فصل چهارم: منابع و روش‌شناسی,table/text,build-time
249,فصل چهارم: منابع و روش‌شناسی,table/text,build-time
250,فصل چهارم: منابع و روش‌شناسی,table/text,build-time
251,فصل چهارم: منابع و روش‌شناسی,table/text,build-time
252,فصل چهارم: منابع و روش‌شناسی,table/text,build-time
253,فصل چهارم: منابع و روش‌شناسی,table/text,build-time
254,فصل چهارم: منابع و روش‌شناسی,table/text,build-time
255,فصل چهارم: منابع و روش‌شناسی,table/text,build-time
256,فصل چهارم: منابع و روش‌شناسی,table/text,build-time
257,فصل چهارم: منابع و روش‌شناسی,table/text,build-time
258,فصل چهارم: منابع و روش‌شناسی,table/text,build-time
259,فصل چهارم: منابع و روش‌شناسی,table/text,build-time
260,فصل چهارم: منابع و روش‌شناسی,table/text,build-time
261,فصل چهارم: منابع و روش‌شناسی,table/text,build-time
262,فصل چهارم: منابع و روش‌شناسی,table/text,build-time
263,فصل چهارم: منابع و روش‌شناسی,table/text,build-time